목록,분류
고구마닭볶음,닭뼈
고추닭볶음,닭뼈
궁중버섯닭찜,닭뼈
꽃게된장국,꽃게 껍데기
꽃게된장찌개,꽃게 껍데기
꽃게들깨수제비국,꽃게 껍데기
꽃게새우탕,꽃게 껍데기
꽃게탕,꽃게 껍데기
꽃게해물찜,꽃게 껍데기
단호박닭찜,닭뼈
단호박돼지갈비찜,갈비뼈
닭갈비,닭뼈
닭감자조림,닭뼈
닭날개데리야끼조림,닭뼈
닭날개떡데리야끼,닭뼈
닭다리살구이,닭뼈
닭다리삼계탕,닭뼈
닭다리오븐구이,닭뼈
닭다리튀김,닭뼈
닭다리후라이드,닭뼈
닭도리탕,닭뼈
닭매운양념볶음,닭뼈
닭바베큐소스볶음,닭뼈
닭볶음탕,닭뼈
"닭봉,윙데리야끼조림",닭뼈
닭봉바베큐조림,닭뼈
닭찜,닭뼈
닭훈제냉채,닭뼈
당면갈비탕,갈비뼈
대구맑은탕,생선가시
대구탕,생선가시
돈등뼈곰탕,등뼈
돈등뼈김치찜,등뼈
동인동찜갈비,갈비뼈
돼지갈비강정,갈비뼈
돼지갈비구이,갈비뼈
돼지갈비바베큐구이,갈비뼈
돼지갈비찜,갈비뼈
돼지고기폭립,돼지뼈
돼지뼈감자탕,돼지뼈
등뼈감자탕,등뼈
등뼈아바이순대국,등뼈
땡초오븐닭구이,닭뼈
떡돼지갈비찜,갈비뼈
매운돼지갈비고구마찜,갈비뼈
매운돼지갈비육개장,갈비뼈
매운돼지갈비찜,갈비뼈
매콤등뼈찜,등뼈
묵은지닭찜,닭뼈
물갈비,갈비뼈
바베큐보쌈,뼈
바베큐장각구이,뼈
버터구이옥수수,옥수수대
봉추찜닭,닭뼈
삼계탕,닭뼈
수제폭립,뼈
숯불갈비닭,닭뼈
안동찜닭,닭뼈
양념고갈비,갈비뼈
양념통닭,닭뼈
오븐에구운닭,닭뼈
옥수수버터구이,옥수수대
우럭매운탕,생선가시
자두,자두씨
조기두반장구이,생선가시
참조기구이,생선가시
탄두리치킨,닭뼈
파마산갈릭닭봉구이,닭뼈
폭립,뼈
핫바베큐폭립,뼈
허니꿀닭,닭뼈
허브갈릭치킨,닭뼈
후라이드윙,닭뼈
후라이드통다리,닭뼈
_local_data,씨
